{"cameraMode":{"drawMode":0,"name":"Shaded","section":"Shading Mode"},"sceneLighting":true,"audioPlay":false,"sceneViewState":{"m_AlwaysRefresh":false,"showFog":true,"showSkybox":true,"showFlares":true,"showImageEffects":true,"showParticleSystems":true,"showVisualEffectGraphs":true,"m_FxEnabled":true},"in2DMode":false,"pivot":{"x":262.59918212890627,"y":-4.449775695800781,"z":233.8836669921875},"rotation":{"x":0.4589536190032959,"y":-0.17691169679164887,"z":0.09378515183925629,"w":0.8656293749809265},"size":31.064767837524415,"orthographic":false}